orf_name,hours,N,cs_mean,cs_median,cs_std,p
"BFC1000",11,8,1.79257434667625,1.73482059057108,0.215474513198808,0
"BFC1001",11,6,1.56524899936563,1.55553673082136,0.0831840059049343,0
"BFC1002",11,8,1.52753690839331,1.5338499281478,0.0673372424946321,0
"BFC1003",11,8,1.50408470038231,1.51399017950576,0.0945924092660568,0
"BFC1004",11,8,1.29648561196985,1.29357636427047,0.0928543580735811,0
"BFC1005",11,7,1.4052126089689,1.40137316756356,0.0519950750414362,0
"BFC1006",11,8,1.16111667396984,1.14460683336941,0.0505788479895357,0
"BFC1007",11,8,1.25214169901449,1.24798934480816,0.0470822594536898,0
"BFC1008",11,8,1.45157719278286,1.45735500889669,0.0980405178822415,0
"BFC1009",11,7,1.37903298457134,1.39585211902615,0.0532966380149564,0
"BFC101",11,8,1.37377501195137,1.3580893715205,0.124718576913051,0
"BFC1010",11,8,0.639852278658277,0.640584271230178,0.067375638101428,0.00328947368421053
"BFC1011",11,7,1.45465833184964,1.48668796592119,0.0596752647689685,0
"BFC1012",11,8,1.6072766391695,1.62079388984509,0.0893729226859927,0
"BFC1013",11,8,1.51874171092987,1.53051602737703,0.11965617127232,0
"BFC1016",11,7,1.78155383208415,1.70909090909091,0.150671942471007,0
"BFC1017",11,8,1.63562167372124,1.61401768437554,0.146665660469766,0
"BFC1018",11,8,1.36717775181916,1.3650188864447,0.0602993958188049,0
"BFC1019",11,8,1.53899210299055,1.54403289232778,0.0875521342429047,0
"BFC102",11,8,1.20424526486953,1.1879630819307,0.0598150384983349,0
"BFC1020",11,4,1.48920756492821,1.48373968577621,0.0566706706338303,0
"BFC1021",11,7,1.26991149253434,1.26101694915254,0.0474462946821023,0
"BFC1022",11,8,1.43579390813223,1.43329470529471,0.0792725436109576,0
"BFC1023",11,8,1.24786098237671,1.25177570599543,0.0840166421058934,0
"BFC1024",11,7,1.45006330183191,1.45704467353952,0.0626975965640389,0
"BFC1025",11,8,1.28173956255237,1.28636910559789,0.0685645794415407,0
"BFC1026",11,8,1.54601911057939,1.56012292840462,0.082077099498645,0
"BFC1027",11,7,1.49601731140671,1.48582230623819,0.0449093917011488,0
"BFC1028",11,7,1.44456794049577,1.43052391799544,0.0860596759114705,0
"BFC1029",11,8,1.52608073748524,1.5420111306416,0.143067962463516,0
"BFC103",11,8,1.19776998218043,1.18994926766547,0.0719162496853835,0
"BFC1032",11,8,1.00262083632793,1.01751952917356,0.0597239758637714,0.980263157894737
"BFC1033",11,8,1.56061231120397,1.50430252645217,0.173381682663683,0
"BFC1034",11,7,1.20533768419276,1.17214700193424,0.063929550953409,0
"BFC1035",11,8,1.55312032369417,1.54243504393622,0.151737375920566,0
"BFC1036",11,8,1.46544586024109,1.49489519228502,0.0731682995206258,0
"BFC1037",11,8,1.46113063256299,1.46219905790044,0.116953118562459,0
"BFC1038",11,5,0.991878432607654,0.994984954864594,0.0110240090590425,0.585526315789474
"BFC1039",11,8,1.47871090767345,1.48381294964029,0.105170430131001,0
"BFC104",11,8,1.52123541323676,1.55185591451116,0.128735334017682,0
"BFC1040",11,8,1.45702300990179,1.46762817039442,0.0910662451133242,0
"BFC1041",11,7,1.15369713295773,1.14649681528662,0.0717501356373788,0
"BFC1042",11,8,1.16428465177271,1.18327530092822,0.0716909762890306,0
"BFC1043",11,8,1.64270198709857,1.67148848093543,0.105149383560206,0
"BFC1044",11,8,1.69530649106198,1.70016700032155,0.0878228273963416,0
"BFC1045",11,8,1.63616937382308,1.5971877173805,0.111848603375664,0
"BFC1048",11,8,1.51134620981352,1.46399017034204,0.175588769880672,0
"BFC1049",11,8,1.56179567110013,1.54572027445265,0.151472427325341,0
"BFC105",11,8,0.88164210629871,0.874680068872446,0.067194139553326,0.00328947368421053
"BFC1050",11,8,1.61973060564666,1.56217307640188,0.189102401454417,0
"BFC1051",11,8,1.58125394735416,1.58719361014343,0.116270194841587,0
"BFC1052",11,8,0.905660841228067,0.909956141994977,0.0385116004850226,0.00328947368421053
"BFC1053",11,8,1.00495130822408,0.979896666737646,0.0631300139675887,0.855263157894737
"BFC1054",11,8,1.42409018489003,1.41750455041864,0.124629987915624,0
"BFC1055",11,8,1.56337650192309,1.56669850366125,0.11560792178136,0
"BFC1056",11,7,1.53665347512916,1.54878361075544,0.0553540423908116,0
"BFC1057",11,4,1.59367274609918,1.58776647877838,0.0975713959123366,0
"BFC1058",11,8,1.23587051893085,1.22170338781584,0.0850113217581139,0
"BFC1059",11,8,1.56975670451115,1.5866250456987,0.105791719755819,0
"BFC106",11,8,1.45665126486113,1.46882646767376,0.0805428722840464,0
"BFC1060",11,8,1.40933846571098,1.39721683736197,0.0937820000926207,0
"BFC1061",11,7,0.812156380212492,0.825242718446602,0.0393643004443372,0.00328947368421053
"BFC1064",11,7,1.4527384591246,1.36082474226804,0.148008915625177,0
"BFC1065",11,8,1.41923200623944,1.36700501406384,0.182495907523045,0
"BFC1066",11,8,1.62906539454381,1.5969863807592,0.193519258204126,0
"BFC1067",11,8,1.63536929769763,1.68150070741088,0.15179002314173,0
"BFC1068",11,8,0.875997191952743,0.853516964129819,0.0718975265739177,0.00328947368421053
"BFC1069",11,8,1.55655183549068,1.54134717470803,0.10235219702455,0
"BFC107",11,8,1.4713764894028,1.48284178992538,0.0725204857296805,0
"BFC1070",11,8,1.41529174434063,1.4097423510467,0.107940539103864,0
"BFC1071",11,8,1.33643213767579,1.30619257099721,0.153014569112469,0
"BFC1072",11,8,1.5325182561408,1.51671604740551,0.145977280838775,0
"BFC1073",11,8,1.34112414695214,1.35111519680804,0.134355196732285,0
"BFC1074",11,8,1.67173004520833,1.65727983167237,0.145363537170978,0
"BFC1075",11,8,1.57973263849391,1.53736488460415,0.134508320141045,0
"BFC1076",11,8,1.50712538489436,1.4799066143482,0.113285381858117,0
"BFC1077",11,8,1.43347393257556,1.40192825910108,0.105510963637115,0
"BFC108",11,8,1.61429876403433,1.55131094703637,0.121097323968599,0
"BFC1080",11,8,1.94636927078719,1.84301290609702,0.287980326258531,0
"BFC1081",11,8,1.78587858256599,1.77355962977725,0.241049658910979,0
"BFC1082",11,8,1.40334990094992,1.33797886236789,0.209623576854997,0
"BFC1083",11,8,1.38455489377333,1.36414060903331,0.219264219348849,0
"BFC1084",11,8,1.37026471917357,1.34863583771881,0.214653727615755,0
"BFC1085",11,8,1.56028837159168,1.5794720648084,0.143178481500321,0
"BFC1086",11,8,1.50936454052616,1.49231472629785,0.141471947571943,0
"BFC1087",11,7,1.16622238087589,1.15092290988056,0.0711018414455768,0
"BFC1088",11,8,1.45524341129711,1.41940521185598,0.165646361042857,0
"BFC1089",11,7,1.17623258951795,1.16101694915254,0.065944120081704,0
"BFC109",11,8,1.48699485851003,1.47646638771266,0.0969001650153424,0
"BFC1090",11,8,1.39838316595325,1.403209823352,0.143340242703992,0
"BFC1091",11,7,1.3457539592643,1.33797909407666,0.0712626596474809,0
"BFC1092",11,7,1.48967096891958,1.46294046172539,0.128685328737386,0
"BFC1093",11,8,1.83297177425027,1.85047188250405,0.150194027074672,0
"BFC1096",11,8,1.84396967189141,1.83599067599068,0.257130887899673,0
"BFC1097",11,8,1.44315197736521,1.41065073085136,0.183064731414848,0
"BFC1098",11,8,1.73687579609346,1.64858250144643,0.290900331525137,0
"BFC1099",11,8,1.4253992943321,1.36422540742195,0.297456671579856,0
"BFC110",11,8,1.25529173848402,1.25300272575398,0.0987739127245126,0
"BFC1100",11,8,0.671679468366507,0.678036390938633,0.0581980255732548,0.00328947368421053
"BFC1101",11,8,1.35355110777552,1.33000437717419,0.139675090162964,0
"BFC1102",11,8,1.02811869166624,1.00230867573091,0.0691044577391766,0.236842105263158
"BFC1103",11,8,1.24695181761013,1.23168954889325,0.128031828408029,0
"BFC1104",11,8,1.49128481350133,1.50953642156315,0.145115371239731,0
"BFC1105",11,8,1.00256017215907,0.985966306420852,0.0792620113082544,0.980263157894737
"BFC1106",11,7,1.60199661199871,1.61117078410311,0.0724817601241041,0
"BFC1107",11,7,1.45843165480256,1.43454345434543,0.106243959774003,0
"BFC1108",11,8,1.21714240744491,1.17306263999976,0.105746680520683,0
"BFC1109",11,8,1.67771195391199,1.69633095037847,0.215025506453508,0
"BFC1112",11,7,1.94057554775379,1.72383073496659,0.335299556427539,0
"BFC1113",11,8,1.27827768701918,1.20990752150156,0.190916631207078,0
"BFC1114",11,8,1.29116470521489,1.24764609825585,0.176390570318831,0
"BFC1115",11,8,1.2538896499099,1.21401419365364,0.158700495915774,0
"BFC1116",11,8,1.56941121530119,1.50676013647189,0.235728712520193,0
"BFC1117",11,8,1.50838625722065,1.51540832049307,0.187299340335715,0
"BFC1118",11,8,1.2464110770534,1.2449065042957,0.134165385653292,0
"BFC1119",11,8,0.822136161974272,0.832517388978063,0.0775950123348391,0.00328947368421053
"BFC1120",11,8,1.41412953982876,1.42472523551242,0.152933864005938,0
"BFC1121",11,8,1.44414548318846,1.46741716227698,0.141562168137312,0
"BFC1122",11,7,1.56898034468154,1.5619425173439,0.137849642688703,0
"BFC1123",11,7,1.24438048454081,1.22384701912261,0.0840698213571668,0
"BFC1124",11,8,0.722558814210879,0.723517343361341,0.0487354151514044,0.00328947368421053
"BFC1125",11,8,1.43570974285648,1.45697678456703,0.133897307554338,0
"BFC113",11,8,1.82741966673876,1.80808451863171,0.118345028705471,0
"BFC114",11,8,1.25803957870128,1.26295774539464,0.0740530587905681,0
"BFC115",11,8,1.36460507255448,1.35782090815648,0.141353920173198,0
"BFC116",11,8,1.5362421553691,1.51952881067272,0.0896254168142526,0
"BFC117",11,8,1.40891455260651,1.42760177710668,0.126745262246114,0
"BFC118",11,8,1.3850785036209,1.37198312236287,0.0803200031341206,0
"BFC119",11,8,1.17584915719574,1.15826869759454,0.0722764035895657,0
"BFC120",11,8,1.29315785813569,1.29476920485175,0.0878094831014806,0
"BFC121",11,8,1.03040307307644,1.02951647064125,0.0335581929825134,0.190789473684211
"BFC122",11,8,1.51903019268162,1.52287093437536,0.10268124222762,0
"BFC123",11,8,1.30962624086081,1.29152117467992,0.0683375295555443,0
"BFC124",11,8,1.65722276133602,1.61798600883652,0.130038883742397,0
"BFC125",11,8,1.35494302509361,1.34770005436743,0.0816529748055012,0
"BFC126",11,8,1.54461372104435,1.49788663958131,0.152343610923775,0
"BFC129",11,8,1.59453178074361,1.53465196238416,0.134151356145392,0
"BFC130",11,8,1.64955254609981,1.64648808268298,0.118536384157655,0
"BFC131",11,8,1.214436440048,1.20613770815074,0.0738005961406483,0
"BFC132",11,8,0.682360979925816,0.686040674626446,0.0412298750045295,0.00328947368421053
"BFC133",11,8,1.27889893639164,1.29709653092006,0.088085966475089,0
"BFC134",11,5,1.38311137829706,1.38775510204082,0.0146730533604306,0
"BFC135",11,8,1.3967849118839,1.38574374718953,0.0705586497185993,0
"BFC136",11,7,0.900690196793425,0.912337662337662,0.0408015388284656,0.00328947368421053
"BFC137",11,8,1.45953094270027,1.46403744608422,0.115121228862524,0
"BFC138",11,7,1.51306542464239,1.51235584843493,0.0585776425378635,0
"BFC139",11,8,1.29521530029758,1.27621146293406,0.0697053392889023,0
"BFC140",11,8,0.699993505978519,0.707830492860433,0.041716036193913,0.00328947368421053
"BFC141",11,8,1.47536717949278,1.46712961589063,0.0988895072256549,0
"BFC142",11,7,1.59748858271112,1.58215010141988,0.137212728657608,0
"BFC145",11,7,1.2437211092642,1.25980392156863,0.0596530976518492,0
"BFC146",11,8,1.5175461427687,1.4763998448209,0.0884955277743925,0
"BFC147",11,8,1.54027849353745,1.53567601585223,0.0749892013170813,0
"BFC148",11,7,1.17523186912397,1.16803278688525,0.0283429546253918,0
"BFC149",11,8,1.1681974579051,1.17308824645468,0.0630912527819184,0
"BFC150",11,8,1.33406950867407,1.3355025272551,0.0782378035693661,0
"BFC151",11,8,1.38369722161175,1.38833849329205,0.0824234893621477,0
"BFC152",11,8,1.52499204563784,1.52127659574468,0.0718195999959456,0
"BFC153",11,8,1.49477308809405,1.51815898948642,0.0801076208233422,0
"BFC154",11,8,0.797369187380219,0.803697089399548,0.0586931472273651,0.00328947368421053
"BFC155",11,8,1.13333868233335,1.12019121329388,0.0691040425700742,0
"BFC156",11,8,1.22733521319534,1.23035349594036,0.0375787855697086,0
"BFC157",11,8,1.18751046381254,1.18354671404021,0.0504488401451819,0
"BFC158",11,8,1.40850540038592,1.42869883842128,0.101597912723245,0
"BFC161",11,8,1.44460781003603,1.44462830260927,0.105864457557612,0
"BFC162",11,8,1.6316760961504,1.61085056390977,0.113594097384781,0
"BFC163",11,8,1.51897841100959,1.50999989390033,0.0714350802880865,0
"BFC164",11,6,1.01394094470646,1.01586994941364,0.0114322855528998,0.572368421052632
"BFC165",11,7,1.17862997298189,1.19446704637917,0.0329675317660388,0
"BFC166",11,8,1.47747402159826,1.49869232881067,0.0639551034005873,0
"BFC167",11,8,1.39383125673196,1.38562524014857,0.0687771821822995,0
"BFC168",11,8,1.13594182093669,1.15044639421227,0.0679249971271969,0
"BFC169",11,8,1.43334199163888,1.41157563759171,0.095327646970547,0
"BFC170",11,8,1.18900363247211,1.18621451754622,0.0430653351844547,0
"BFC171",11,7,1.43135417512613,1.43937924345296,0.0263914935239526,0
"BFC172",11,7,1.36711496829987,1.36681222707424,0.0594418539797543,0
"BFC173",11,8,0.787295652974506,0.797988159039255,0.0416147166932109,0.00328947368421053
"BFC174",11,8,0.782094860539992,0.785206321722307,0.0283851087886973,0.00328947368421053
"BFC177",11,8,1.74613500017798,1.719634006113,0.153188441137023,0
"BFC178",11,7,1.46969000135312,1.47826086956522,0.0435514151210403,0
"BFC179",11,8,1.53859345380042,1.53711430891375,0.0741276749337034,0
"BFC18",11,8,1.74955372318347,1.73034858584301,0.159939759902421,0
"BFC180",11,8,1.19319549630681,1.19718628498072,0.0543109886137651,0
"BFC181",11,8,1.43224070214635,1.42705377732893,0.0356312206881139,0
"BFC182",11,7,1.00160053852389,1.00842514581983,0.0219479926154057,1
"BFC183",11,8,1.03595852345315,1.02682880265276,0.0451315211297225,0.125
"BFC184",11,8,1.14569294616672,1.14219906904951,0.0732609722064096,0
"BFC185",11,8,1.27300511899612,1.26041666666667,0.0627562191445906,0
"BFC186",11,8,1.23257130806673,1.24100501643314,0.0405486560285809,0
"BFC187",11,8,1.00658019425243,1.00175910436634,0.0305773116554467,0.789473684210526
"BFC188",11,8,1.19395651557018,1.20938868786898,0.0498240798520872,0
"BFC189",11,8,1.29914445997645,1.28122643880372,0.0654235544376458,0
"BFC19",11,8,1.81707099009394,1.840680254838,0.174445267191335,0
"BFC190",11,8,1.65929361876008,1.67305528375734,0.131236824515446,0
"BFC193",11,8,0.85829183583177,0.852464963531523,0.0562040626552752,0.00328947368421053
"BFC194",11,8,1.62027956651871,1.611150180663,0.13600285737006,0
"BFC195",11,8,1.2214066940311,1.22997658079625,0.0674633749515196,0
"BFC196",11,8,1.45947637079368,1.45969827586207,0.0648839133914035,0
"BFC197",11,8,1.15585353592858,1.14801305833792,0.0534880676568253,0
"BFC198",11,8,0.893307747871147,0.89255416005933,0.0471303516427721,0.00328947368421053
"BFC199",11,8,1.40893809581933,1.399521374246,0.0558208519999738,0
"BFC20",11,8,1.24267344927922,1.23074737072796,0.0806726691133333,0
"BFC200",11,8,0.916225996110679,0.916937342284819,0.0265335914656526,0.00328947368421053
"BFC201",11,8,1.39611252229239,1.39518997110269,0.0656112332794476,0
"BFC202",11,8,0.840060753263999,0.832080870625762,0.0623588342741997,0.00328947368421053
"BFC203",11,8,1.35727227744243,1.36891203858779,0.0575684327267806,0
"BFC204",11,7,1.00260826511273,1.00856327307326,0.0225240042231654,0.980263157894737
"BFC205",11,8,1.44886119292906,1.44869299889482,0.0731028986018058,0
"BFC206",11,8,1.47809172491369,1.47668650793651,0.12814367818454,0
"BFC209",11,8,1.45557499342235,1.41215536144362,0.135607706166497,0
"BFC21",11,8,1.77324103837639,1.76677533446102,0.145818379103777,0
"BFC210",11,8,1.62070258205238,1.64762013599223,0.108568420854471,0
"BFC211",11,8,1.45866766355083,1.45084875192898,0.0770756655298883,0
"BFC212",11,8,1.32390788698416,1.31013396628716,0.0826794560930685,0
"BFC213",11,7,1.29309414235722,1.28902627511592,0.0364264753806794,0
"BFC214",11,8,1.24247886884325,1.22596750688185,0.0432225470438138,0
"BFC215",11,8,0.840486993100658,0.839694149644697,0.0653877961944851,0.00328947368421053
"BFC216",11,8,1.39530771717296,1.39392938412978,0.0641419009925525,0
"BFC217",11,7,1.17738035910781,1.1762962962963,0.0182611222871411,0
"BFC218",11,8,1.17864080469394,1.17399673876013,0.0447116294309188,0
"BFC219",11,8,1.19278381798764,1.18614389036924,0.0411693264291534,0
"BFC22",11,8,0.862913448598332,0.861447976473883,0.0318610313906666,0.00328947368421053
"BFC220",11,8,1.56497140034298,1.5544448959321,0.0527996526981521,0
"BFC221",11,7,1.20871801278357,1.22033898305085,0.0352004896067924,0
"BFC224",11,8,1.66253301473011,1.61460674157303,0.133274282007698,0
"BFC225",11,8,0.832227724770931,0.825338406836754,0.0209511094807595,0.00328947368421053
"BFC226",11,8,1.34387962659444,1.33676934712102,0.0824979688099916,0
"BFC227",11,8,1.41039326912464,1.38566919191919,0.078579253913709,0
"BFC228",11,8,1.17855175188045,1.17920149183649,0.0789328539677931,0
"BFC229",11,8,1.26816458661718,1.26673366628039,0.0456222679179174,0
"BFC23",11,8,1.8213200444251,1.8448864070986,0.152017322731037,0
"BFC230",11,8,1.35553069114212,1.35998739632461,0.0670033110148382,0
"BFC231",11,7,1.21205892861332,1.21369539551358,0.0245385602163189,0
"BFC232",11,8,1.29501205014869,1.29444288617964,0.0395221908915164,0
"BFC233",11,8,1.16151670945543,1.15923617871599,0.0651954494978176,0
"BFC234",11,8,1.34815805223421,1.36107799054747,0.0544110923568793,0
"BFC235",11,8,1.52981901562858,1.52686369347815,0.0617617213571321,0
"BFC236",11,8,1.53064960324158,1.50200482865113,0.0702888485460689,0
"BFC237",11,8,1.22693162151911,1.20706744405925,0.0769384195604782,0
"BFC24",11,8,0.632511608573372,0.627260543865363,0.0436895079277948,0.00328947368421053
"BFC240",11,8,1.83509363813688,1.81115816839987,0.177297852067322,0
"BFC241",11,8,0.664195587617404,0.668083106507138,0.0357445611628182,0.00328947368421053
"BFC242",11,8,0.803523731778713,0.813172796556848,0.0346133894042635,0.00328947368421053
"BFC243",11,8,1.43908528270352,1.42149211373683,0.0806147929649918,0
"BFC244",11,8,1.48916299963384,1.4926541014,0.0717034578797736,0
"BFC245",11,8,1.4245259852358,1.40283577800468,0.0487157686564046,0
"BFC246",11,8,1.40860674519771,1.41902249125809,0.0337415980914422,0
"BFC247",11,8,1.34594140160934,1.33512434500541,0.0454360242286948,0
"BFC248",11,8,1.46711324172734,1.46837440780415,0.0464631378812361,0
"BFC249",11,8,0.994266970561214,0.986929304987985,0.0307855269900046,0.703947368421053
"BFC25",11,8,1.4453339776983,1.47952134221564,0.143940324587201,0
"BFC250",11,7,1.48815440894522,1.50333016175071,0.0513100440265731,0
"BFC251",11,8,1.00808783204574,1.00585302632817,0.0506633765275046,0.75
"BFC252",11,8,0.755814132558975,0.761809071251926,0.0384977657457353,0.00328947368421053
"BFC253",11,8,1.70242243602055,1.71645059076119,0.102316324340253,0
"BFC256",11,8,1.6117880918078,1.55749582543232,0.184193971142893,0
"BFC257",11,8,1.66491456555994,1.66772232289532,0.106897022385322,0
"BFC258",11,8,1.21092908662486,1.21177547339145,0.055755003149817,0
"BFC259",11,7,1.17445066407022,1.16905444126075,0.0432012442309695,0
"BFC26",11,8,1.72721836736444,1.72499044556608,0.167194309145727,0
"BFC260",11,8,1.39454645798894,1.40253970194969,0.0807794855119476,0
"BFC261",11,8,1.32982984656095,1.32769055699338,0.0723586305183944,0
"BFC262",11,8,0.90850836621742,0.911634653193557,0.044457712957342,0.00328947368421053
"BFC263",11,8,1.25481828497432,1.26480904247373,0.0817371269581926,0
"BFC264",11,8,1.46967951045595,1.45896213183731,0.0774209011562575,0
"BFC265",11,8,1.16761410996871,1.17880287255609,0.0584869725953929,0
"BFC266",11,6,1.47223695237852,1.48068873184537,0.0385637466778532,0
"BFC267",11,8,1.23945638004524,1.23070818070818,0.0567380243636266,0
"BFC268",11,8,1.39063066017039,1.38731232642152,0.0853758407110086,0
"BFC269",11,7,1.48873831556768,1.47298787210584,0.0527369763071677,0
"BFC27",11,8,1.67000834837361,1.6644385026738,0.193237692692166,0
"BFC272",11,8,1.75027486681575,1.76095211632861,0.149784540933294,0
"BFC273",11,8,1.26245788862678,1.28385328077162,0.108659893693952,0
"BFC274",11,8,0.99854182762244,1.0118308965543,0.0496870382289699,0.881578947368421
"BFC275",11,5,1.00553687252061,1.0061099796334,0.00641351839035485,0.815789473684211
"BFC276",11,8,1.20564793385608,1.21385247271772,0.0756713280018595,0
"BFC277",11,8,1.50928776790888,1.49099883855981,0.118303853831676,0
"BFC278",11,7,1.35877081850546,1.33465346534653,0.0577212732285181,0
"BFC279",11,8,1.16844235637346,1.16858488733489,0.0841346817491895,0
"BFC28",11,7,1.44696453620415,1.41787941787942,0.0846017170037378,0
"BFC280",11,8,1.40597556453912,1.36029751549418,0.109604132580937,0
"BFC281",11,8,1.44984545050186,1.47501081572949,0.117200332094035,0
"BFC282",11,8,1.50061116189791,1.52617090844821,0.123689218517391,0
"BFC283",11,8,1.38395661528788,1.40818695633903,0.0943697403807312,0
"BFC284",11,7,1.61621998737526,1.61411764705882,0.079988473847986,0
"BFC285",11,6,1.39662176957976,1.38534994541255,0.0473239805266181,0
"BFC288",11,8,1.89437049236353,1.8619863701689,0.240425820838877,0
"BFC289",11,8,1.35997036849281,1.36658490700831,0.100150888271058,0
"BFC29",11,8,1.84315554467562,1.73287515749433,0.326499893500283,0
"BFC290",11,8,0.857815146348087,0.854548832809702,0.0326217076990661,0.00328947368421053
"BFC291",11,7,1.33144644557443,1.31123388581952,0.0552651360447957,0
"BFC292",11,8,1.4349130724279,1.41045776815831,0.0657703709675325,0
"BFC293",11,6,1.15319321858557,1.14814712065447,0.0301696962799704,0
"BFC294",11,8,1.42114941253331,1.40901897692098,0.122006538263538,0
"BFC295",11,8,1.52310212832952,1.5351235021521,0.0822673303365616,0
"BFC296",11,8,1.40817923686069,1.42718614718615,0.106187538162595,0
"BFC297",11,7,1.44510057131777,1.44151319064211,0.0195696486156854,0
"BFC298",11,8,1.21493548664567,1.21231665281124,0.0704119280719192,0
"BFC299",11,8,1.59237778291052,1.59639630325275,0.0712784698703484,0
"BFC30",11,8,1.60076866344008,1.54687640707098,0.202721577727423,0
"BFC300",11,8,1.18665784782837,1.18997046544679,0.071461553137219,0
"BFC301",11,7,0.862885040797037,0.847457627118644,0.0598773285746138,0.00328947368421053
"BFC304",11,8,1.71299489674782,1.67524319546927,0.267884994150107,0
"BFC305",11,8,1.70362839241941,1.65169727058935,0.188658573825075,0
"BFC306",11,4,1.55272513594234,1.55600631057021,0.0994631655753843,0
"BFC307",11,8,1.52813505579104,1.52540258441935,0.127677039468328,0
"BFC308",11,8,1.22408054174798,1.20883568282687,0.0904224943270889,0
"BFC309",11,8,1.52978861225386,1.51477258310074,0.0689741648894927,0
"BFC31",11,8,1.66678076452201,1.61760664367739,0.222794748652563,0
"BFC310",11,8,1.52960823373215,1.50063253834764,0.10843136408937,0
"BFC311",11,8,1.50089519858394,1.528409888044,0.0947807235008253,0
"BFC312",11,8,1.35240371483207,1.3570626543903,0.109789173901109,0
"BFC313",11,8,1.22282978084917,1.2175835746249,0.0673357737652276,0
"BFC314",11,8,1.25130952488377,1.24378953337179,0.0636558600115858,0
"BFC315",11,8,1.3713205509707,1.35857574263528,0.100985531618168,0
"BFC316",11,8,0.798509981838021,0.798948929628401,0.0585243070815395,0.00328947368421053
"BFC317",11,8,1.28268009542337,1.28768596136132,0.0911224448399143,0
"BFC320",11,8,1.6961615041836,1.68432349623744,0.224271207298444,0
"BFC321",11,8,1.41121782362438,1.40446557050596,0.12609809781771,0
"BFC322",11,8,0.859949327867871,0.853953786785172,0.0555877347312201,0.00328947368421053
"BFC323",11,8,0.867007546289023,0.872846601013989,0.0424111233347907,0.00328947368421053
"BFC324",11,8,1.57859491585511,1.53086660265598,0.155861952517599,0
"BFC325",11,8,1.57785900092426,1.52553589971814,0.141887878804397,0
"BFC326",11,8,0.77799884027756,0.769201137631854,0.0404595465622591,0.00328947368421053
"BFC327",11,7,1.01360369610395,1.02355460385439,0.0263755406046387,0.578947368421053
"BFC328",11,8,1.54216364514527,1.5539558480735,0.139201981788036,0
"BFC329",11,8,1.57834243087922,1.6011839708561,0.113477843448291,0
"BFC330",11,8,1.37036000001924,1.4032920585784,0.119270448212285,0
"BFC331",11,8,1.56074408904814,1.54050622153566,0.167003961185681,0
"BFC332",11,8,1.4440723534588,1.42053606516162,0.102122766813262,0
"BFC333",11,8,1.73827220763109,1.73273558368495,0.116529847847794,0
"BFC336",11,8,1.85369101944679,1.83804737529675,0.267153911592042,0
"BFC337",11,8,1.62640464408679,1.65415242316524,0.183832144586314,0
"BFC338",11,8,0.639043400304587,0.64010891079821,0.0617580505078129,0.00328947368421053
"BFC339",11,8,1.42953924477486,1.44501706359995,0.194827864285207,0
"BFC34",11,8,1.48181763521793,1.44773694406312,0.11292362829388,0
"BFC340",11,6,0.989884722089037,0.995928258449921,0.017790270099659,0.513157894736842
"BFC341",11,8,1.582232140517,1.53862740335208,0.178001483897675,0
"BFC342",11,8,1.46489409148589,1.44543569904412,0.141723090369984,0
"BFC343",11,6,1.74010467047206,1.7592974494768,0.0731208584197651,0
"BFC344",11,8,1.52413810509123,1.55665287456446,0.117430282827034,0
"BFC345",11,8,1.21435756298705,1.22064785143431,0.079087115531584,0
"BFC346",11,8,1.20673915890732,1.20711500974659,0.0743970172216105,0
"BFC347",11,7,1.64211588408239,1.6078431372549,0.0889327999897131,0
"BFC348",11,8,1.72538077063618,1.68156162697097,0.111665512462397,0
"BFC349",11,8,1.77429351611762,1.75514388574971,0.183841431741045,0
"BFC35",11,8,1.57441035659922,1.54768380432401,0.118689348352903,0
"BFC352",11,8,1.33821257809262,1.25394350555138,0.196612241253045,0
"BFC353",11,7,1.57553766819186,1.43396226415094,0.223211784708024,0
"BFC354",11,5,1.00331070934374,1.00896860986547,0.0136699897733117,0.953947368421053
"BFC355",11,5,1.13380317301508,1.12408759124088,0.0355646137092317,0
"BFC356",11,8,1.22606933409953,1.23125777957739,0.119738814127462,0
"BFC357",11,8,1.36334977865029,1.33882146996901,0.12462810227007,0
"BFC358",11,6,1.52313875218367,1.5021186440678,0.082008195609942,0
"BFC359",11,8,1.58774622818898,1.5460614744744,0.165003144138153,0
"BFC36",11,8,1.72499393838424,1.73044858130832,0.21933837957377,0
"BFC360",11,8,1.69753924817953,1.65636363636364,0.12355051981165,0
"BFC361",11,8,1.44303117146624,1.41178283401654,0.151246481697488,0
"BFC362",11,8,1.21709678551938,1.21697827535191,0.0626383045395293,0
"BFC363",11,6,1.32671738016582,1.32229580573951,0.0393146691659546,0
"BFC364",11,8,1.75361804651719,1.75431213066138,0.30365546533403,0
"BFC365",11,8,1.46933727353963,1.45300751879699,0.144823339653673,0
"BFC37",11,8,1.72563675008482,1.70597960870763,0.125875210960335,0
"BFC38",11,7,1.48016253107339,1.48118006103764,0.0537996561300035,0
"BFC39",11,8,1.61902967218309,1.6154562745966,0.135410760103308,0
"BFC40",11,8,0.838798792129605,0.843965867533523,0.0616716419735542,0.00328947368421053
"BFC400",11,4,1.86745216186387,1.85116600597073,0.25496387874584,0
"BFC401",11,8,1.51964912406451,1.50716762433129,0.120120737836644,0
"BFC402",11,8,1.77157694645855,1.76485335280516,0.171749930413644,0
"BFC403",11,8,1.45936201388654,1.45585879085665,0.105037154324274,0
"BFC404",11,8,1.64622618632204,1.64212962962963,0.0967265334716299,0
"BFC405",11,8,1.80638698428056,1.77377956403611,0.151002867453293,0
"BFC406",11,7,1.4292246779183,1.37647058823529,0.126863461400281,0
"BFC407",11,8,1.47412407406852,1.47295173961841,0.10858700550733,0
"BFC408",11,8,1.723635362908,1.72884324119652,0.151354000616969,0
"BFC409",11,8,1.80370853898499,1.76386455562044,0.202189154237742,0
"BFC41",11,7,0.941850977651674,0.949593495934959,0.0496700429779928,0.0394736842105263
"BFC410",11,8,1.26812637301269,1.23538116476321,0.0767194377448934,0
"BFC411",11,5,1.60535143601225,1.6039119804401,0.0398513503707787,0
"BFC412",11,8,0.965133226816445,0.984049322956874,0.0601480008767581,0.111842105263158
"BFC413",11,4,1.22713285059219,1.2273938532599,0.0468988518535913,0
"BFC416",11,8,1.30116298815956,1.30156986804034,0.0928144541702455,0
"BFC417",11,8,1.90751042831972,1.91079412326355,0.107338263700626,0
"BFC418",11,8,1.00431316064672,1.02287716449638,0.0610504910315135,0.888157894736842
"BFC419",11,6,1.42863747232464,1.43120583746906,0.0352140065904624,0
"BFC42",11,8,1.28888976256438,1.30956850334888,0.122595769554035,0
"BFC420",11,8,1.45551966943161,1.45925696888973,0.109381232566533,0
"BFC421",11,8,0.776776685967113,0.756873002034292,0.0585109465784659,0.00328947368421053
"BFC422",11,8,1.52510497495887,1.49266968325792,0.130791799810733,0
"BFC423",11,8,1.7489959662709,1.7002747833439,0.109238231393544,0
"BFC424",11,8,1.27246079824759,1.27799721256773,0.0590857529195744,0
"BFC425",11,8,1.01830987056206,1.01508248122564,0.0757729536555372,0.453947368421053
"BFC426",11,8,1.71222843956226,1.65212567298831,0.193175963887229,0
"BFC427",11,8,1.03039204145996,1.04821355535488,0.0747243290294201,0.190789473684211
"BFC428",11,8,1.86232513489774,1.88674469549099,0.217731180466886,0
"BFC429",11,8,1.69862149607688,1.65192213743891,0.186993340399367,0
"BFC43",11,8,1.71394758295294,1.6888162450609,0.142478871676259,0
"BFC432",11,8,0.833938381456587,0.818810708362947,0.136581030269831,0.00328947368421053
"BFC433",11,8,1.25983274525314,1.26866600298656,0.0659625985837755,0
"BFC434",11,8,1.29942072534603,1.29209040865833,0.0620818072856244,0
"BFC435",11,8,1.42617067216761,1.438903944595,0.120058619471021,0
"BFC436",11,8,1.44214839124873,1.44780791562649,0.135689223771744,0
"BFC437",11,8,1.03409097722954,1.03438273324702,0.0466811879685478,0.131578947368421
"BFC438",11,8,1.70940766514637,1.72076884445053,0.149358854579441,0
"BFC439",11,6,1.25246890070359,1.25400457665904,0.0190954117452252,0
"BFC44",11,8,1.44445437528914,1.41199653943046,0.126818535996468,0
"BFC440",11,8,1.39772059135046,1.36959249719305,0.118383093965364,0
"BFC441",11,8,0.99443158910942,0.983555852247441,0.0489325477249971,0.717105263157895
"BFC442",11,8,1.41861946835356,1.41183659217877,0.193815871873364,0
"BFC443",11,8,1.58081287570516,1.54337127396557,0.129871241717851,0
"BFC444",11,8,0.994354276521217,1.005280555789,0.0612789118286031,0.710526315789474
"BFC445",11,8,1.56791940096861,1.5582315945246,0.14059719629495,0
"BFC448",11,8,1.49726572743506,1.47023741516806,0.188046327336488,0
"BFC449",11,8,1.64030510982075,1.62214303504033,0.170824568250223,0
"BFC45",11,8,1.68325965350687,1.64737355572011,0.145027550819193,0
"BFC450",11,8,1.76362116394644,1.74376960364984,0.152922045435109,0
"BFC451",11,8,1.70047193080015,1.66625103906899,0.123787182456611,0
"BFC452",11,8,1.71311800498916,1.71282780061996,0.139214980296656,0
"BFC453",11,8,1.25854473785692,1.2625969580979,0.0898652878407134,0
"BFC454",11,8,0.654375214651653,0.656356129389982,0.0440094719763717,0.00328947368421053
"BFC455",11,8,1.5535751602361,1.57561107825744,0.117646130276618,0
"BFC456",11,8,1.25220331970008,1.2589525536955,0.0842440674182985,0
"BFC457",11,7,1.27803117349169,1.28828828828829,0.0558733440037689,0
"BFC458",11,7,1.21496251244591,1.21531100478469,0.0818937441495487,0
"BFC459",11,8,1.65592617747828,1.65163512957631,0.156944345345838,0
"BFC46",11,8,1.73060569637992,1.740422387784,0.152600160510421,0
"BFC460",11,8,1.64008804492292,1.58678713527851,0.167119595090128,0
"BFC463",11,8,1.44579354439828,1.45775745257453,0.0890357592436488,0
"BFC464",11,7,1.67960842815632,1.65151515151515,0.079216649749648,0
"BFC465",11,8,1.78392285425625,1.78126328570743,0.138438769290008,0
"BFC466",11,8,0.997921451786305,0.999198166241056,0.0329861482834678,0.861842105263158
"BFC467",11,8,1.2336671082531,1.22075055187638,0.0703650035968281,0
"BFC468",11,8,1.44830466466593,1.42601556364675,0.0697279076472572,0
"BFC469",11,8,1.33872198830463,1.30932852413657,0.125349951203167,0
"BFC470",11,8,1.64728116981836,1.64727507776835,0.102000553125673,0
"BFC471",11,8,1.22950337359785,1.23162351789102,0.0981940510072621,0
"BFC472",11,8,1.72879251862288,1.67448321119983,0.148761880606656,0
"BFC473",11,8,1.50136186771348,1.48092715775643,0.0960694590928927,0
"BFC474",11,7,1.46672026924333,1.45336225596529,0.145891415319271,0
"BFC475",11,8,1.26043925506153,1.24930585372835,0.138250982131323,0
"BFC478",11,8,1.50818093244688,1.53034668203208,0.112710229506916,0
"BFC479",11,8,1.0008898568224,0.996924186500361,0.0511121488022573,0.993421052631579
"BFC480",11,8,1.60389648009073,1.63236613400617,0.149871621917056,0
"BFC481",11,8,1.52827109597066,1.50210987421131,0.0990567684702451,0
"BFC482",11,8,1.61237455905392,1.60183982683983,0.115872842126396,0
"BFC483",11,8,1.31168599644251,1.33900268731734,0.0801927797508269,0
"BFC484",11,8,1.57358942730832,1.55809387827949,0.108768353288568,0
"BFC485",11,8,1.55063088921305,1.55702463260603,0.0873155776338096,0
"BFC486",11,8,1.66886830993261,1.66427394583675,0.152449793855496,0
"BFC487",11,8,0.877206038885807,0.880676652370763,0.0518132125978668,0.00328947368421053
"BFC488",11,8,1.35121593861272,1.3690773871198,0.0758233261652399,0
"BFC489",11,7,1.5921445209562,1.56803455723542,0.0886878041074297,0
"BFC49",11,8,1.81186194135881,1.76799338092466,0.200083325759488,0
"BFC490",11,8,1.6196296890596,1.62995391705069,0.146585685744106,0
"BFC491",11,8,1.68420499666571,1.63246240601504,0.187635676416336,0
"BFC494",11,7,1.73379372993896,1.7005076142132,0.0937402742755843,0
"BFC495",11,8,1.00302412794641,0.993600713012478,0.0378591501441032,0.967105263157895
"BFC496",11,8,1.59908115650607,1.61561623494473,0.105870330368231,0
"BFC497",11,6,0.89265412680837,0.885125670286137,0.0416169142103743,0.00328947368421053
"BFC498",11,8,0.842078569002615,0.839736665181033,0.0393322215196124,0.00328947368421053
"BFC499",11,8,1.26705124377326,1.26291936211825,0.0931642638988708,0
"BFC50",11,7,1.24724265541676,1.24905183312263,0.040853755123255,0
"BFC500",11,8,1.45693684437636,1.4619456763543,0.0698562627937259,0
"BFC501",11,8,1.27451784308338,1.30714757813238,0.100305728079578,0
"BFC502",11,7,1.43998054733577,1.41356673960613,0.0825642526510998,0
"BFC503",11,8,1.19455715828408,1.20805860805861,0.0721522994485398,0
"BFC504",11,7,0.636142593384203,0.633879781420765,0.0257153389449228,0.00328947368421053
"BFC505",11,8,0.7730994833632,0.756603330987567,0.072455022722872,0.00328947368421053
"BFC506",11,8,0.847479192406806,0.835753397452266,0.0401929689966567,0.00328947368421053
"BFC507",11,6,1.31364618940415,1.30951713832072,0.0268132739849957,0
"BFC51",11,8,1.63669189061517,1.66256303266915,0.168431618307424,0
"BFC510",11,8,1.27309763114017,1.2637129205905,0.128272713364655,0
"BFC511",11,8,1.65747707858023,1.6561771372619,0.119487586890263,0
"BFC512",11,8,1.54633395990111,1.54014989293362,0.0721729233971048,0
"BFC513",11,8,1.31222265408113,1.30263096551617,0.0935216144669427,0
"BFC514",11,8,1.19198183300277,1.18687830687831,0.0395949687722934,0
"BFC515",11,8,1.44048677962321,1.44542080202515,0.0762914850446475,0
"BFC516",11,8,1.16504555094694,1.18393893661481,0.0672715559786193,0
"BFC517",11,8,1.17704377553625,1.14673467227647,0.0877580900503064,0
"BFC518",11,8,1.37274313627155,1.3691049676291,0.108738024694996,0
"BFC519",11,8,1.49606497679991,1.50051070072252,0.0985849102815777,0
"BFC52",11,7,1.59373479882568,1.60411311053985,0.100301111383885,0
"BFC520",11,8,1.37457140863925,1.38904298389181,0.107039127266182,0
"BFC521",11,7,1.38681410392245,1.35817805383023,0.0821997297179085,0
"BFC522",11,8,1.34896271457183,1.35401018611071,0.0961915476792386,0
"BFC523",11,8,1.59632291078162,1.58637402201759,0.167333801719513,0
"BFC526",11,6,1.73456052786646,1.7176694988729,0.0842310388592833,0
"BFC527",11,7,1.60007121126161,1.57004830917874,0.0850860263243209,0
"BFC528",11,8,1.5198443570905,1.50646427289609,0.0663207554243426,0
"BFC529",11,8,1.32442036774687,1.3350320780021,0.0833474975517773,0
"BFC53",11,8,1.69267566389565,1.67400304414003,0.106815502168727,0
"BFC530",11,8,1.42057902020646,1.41758955011967,0.0278808521772391,0
"BFC531",11,7,1.19378158988498,1.19269776876268,0.0594110515209545,0
"BFC532",11,8,0.893252631660618,0.893901174029893,0.0390742775452251,0.00328947368421053
"BFC533",11,3,1.40995091218305,1.40909090909091,0.0115181909686862,0
"BFC534",11,8,1.47161537717656,1.47330433224172,0.0902315269585578,0
"BFC535",11,8,1.27838141949176,1.27044960080332,0.0583125620003898,0
"BFC536",11,8,1.45076293862058,1.45380434782609,0.0682245598205208,0
"BFC537",11,8,1.40765880503983,1.39883803538195,0.0560176270272057,0
"BFC538",11,8,1.59361249845732,1.6207536473709,0.067257535260641,0
"BFC539",11,8,1.67626751137871,1.66326086956522,0.124163651957327,0
"BFC54",11,8,1.70640104193358,1.72891841300279,0.131197998753262,0
"BFC542",11,8,1.74514283047339,1.73337404580153,0.186227890784468,0
"BFC543",11,8,1.51412012912793,1.48041726915926,0.130263611385921,0
"BFC544",11,8,0.869236120781362,0.870386024232178,0.0258593273890782,0.00328947368421053
"BFC545",11,8,1.37004990100346,1.37310115555221,0.0425819395095833,0
"BFC546",11,7,1.30292340818577,1.30959752321981,0.033115595686494,0
"BFC547",11,4,1.16790979822768,1.17054833378555,0.0261530280156121,0
"BFC548",11,8,1.39249429473503,1.4071852905493,0.0548620518762383,0
"BFC549",11,5,1.3697983404124,1.35674157303371,0.0222614644298445,0
"BFC55",11,8,1.23512027446511,1.22582666202576,0.0781119313394054,0
"BFC550",11,8,1.41997571033925,1.41026652452026,0.0557856330431324,0
"BFC551",11,8,1.21507491133119,1.22455662608427,0.0276319731848736,0
"BFC552",11,8,1.36447899850094,1.37123673380983,0.0503493041009622,0
"BFC553",11,8,1.56332862153408,1.56714670413301,0.038470242406346,0
"BFC554",11,8,1.31550554898457,1.31477084340678,0.0651484071207895,0
"BFC555",11,8,1.01206315033565,1.00008503401361,0.0411495954892947,0.605263157894737
"BFC558",11,8,1.4293407352709,1.42258408649582,0.16850946096424,0
"BFC559",11,8,1.36585351509493,1.33993148443965,0.0611753996101846,0
"BFC56",11,8,1.55766124799412,1.54364311182553,0.108002536136246,0
"BFC560",11,8,1.55051858644924,1.57219505379349,0.0778617085863298,0
"BFC561",11,8,1.49547273705393,1.50891329001456,0.0570128822738283,0
"BFC562",11,8,1.45278704513244,1.45022850082618,0.0457858587781571,0
"BFC563",11,8,1.38506213073274,1.38083028824872,0.0431440620877197,0
"BFC564",11,4,0.844162938180328,0.850155971479501,0.0330354473871422,0.00328947368421053
"BFC565",11,8,1.28582695224921,1.29040131040131,0.0326732332477655,0
"BFC566",11,8,0.709910446103842,0.706918527267759,0.0493734955067198,0.00328947368421053
"BFC567",11,8,0.87903372650005,0.866780149674887,0.0522560307106307,0.00328947368421053
"BFC568",11,8,1.28410400779784,1.27506352506352,0.059847499572329,0
"BFC569",11,7,1.29148347684812,1.29021558872305,0.0272256510840157,0
"BFC57",11,8,1.7313844782488,1.70410180380529,0.143927397632639,0
"BFC570",11,8,1.1767684604051,1.17143366301345,0.0310069989736398,0
"BFC571",11,7,1.57836316042875,1.59353348729792,0.0659716360830579,0
"BFC574",11,7,1.66903265457442,1.6624685138539,0.08585585047112,0
"BFC575",11,6,0.745094601921843,0.742613156698487,0.016418586942609,0.00328947368421053
"BFC576",11,8,1.55903939795198,1.54118540635395,0.0970275945492569,0
"BFC577",11,8,1.45877967978342,1.43700518199131,0.0772785043610997,0
"BFC578",11,8,1.38540167836257,1.37578934858822,0.0905491268886422,0
"BFC579",11,8,1.22217498241745,1.20531675877099,0.0484056791069672,0
"BFC58",11,8,1.4218255967404,1.41924252412057,0.176217501490104,0
"BFC580",11,6,1.02069109532136,1.02348730350665,0.0148602243610979,0.407894736842105
"BFC581",11,8,1.22979415493354,1.23837556042123,0.0582452324298902,0
"BFC582",11,7,0.901319858314547,0.895454545454546,0.0292613704284663,0.00328947368421053
"BFC583",11,7,1.26416162408309,1.28157894736842,0.050780670488172,0
"BFC584",11,8,1.34753305853824,1.3529989937048,0.055674809301029,0
"BFC585",11,8,1.00007421361024,0.989437999282394,0.0484139911985941,0.953947368421053
"BFC586",11,8,1.47114408066859,1.49189928845101,0.0794304074650335,0
"BFC587",11,8,1.64821800822966,1.63748579141802,0.110394433728834,0
"BFC59",11,7,1.0511847824282,1.05041031652989,0.0413474599204766,0.0526315789473684
"BFC590",11,7,1.74974839574901,1.6969696969697,0.197345583388278,0
"BFC591",11,8,1.39123632050661,1.40142928207224,0.0393904432724501,0
"BFC592",11,8,1.02411480033487,1.02090667891219,0.0257252552511621,0.322368421052632
"BFC593",11,8,1.00658593590563,1.00164958171321,0.0453155148878836,0.789473684210526
"BFC594",11,8,1.00761682099,0.99804870127319,0.0334521236629421,0.769736842105263
"BFC595",11,8,1.38439879544804,1.38438489132728,0.0479363590756617,0
"BFC596",11,8,1.29253990772705,1.30528049876964,0.040707286103072,0
"BFC597",11,7,1.14359844306569,1.14542190305206,0.0362948561254014,0
"BFC598",11,7,1.32587296598644,1.33102253032929,0.0511006824088801,0
"BFC599",11,7,1.23131432355592,1.22252747252747,0.0595450110455403,0
"BFC60",11,7,1.37888179275162,1.33864541832669,0.090362396835706,0
"BFC600",11,8,1.34908185009759,1.33885103788341,0.0619385823060144,0
"BFC601",11,8,1.35840386005205,1.35717896240054,0.0391819448879456,0
"BFC602",11,8,1.4868612468996,1.48596642841027,0.0844509352785841,0
"BFC603",11,8,1.00489535122984,1.01087522918074,0.0290364140182502,0.861842105263158
"BFC606",11,6,1.38743755502333,1.39124614797473,0.0437821731700604,0
"BFC607",11,7,1.58403323186567,1.53956834532374,0.0740735838998806,0
"BFC608",11,8,1.16634582549741,1.1668204445172,0.0540627494429636,0
"BFC609",11,8,1.32467227486193,1.31216579100992,0.0809587538748614,0
"BFC61",11,7,1.57096469841528,1.52765752765753,0.123429779897273,0
"BFC610",11,8,1.46173984160888,1.45488578297761,0.086382788557221,0
"BFC611",11,8,1.28163952205585,1.2842426335175,0.0973079985577643,0
"BFC612",11,8,1.31030458203273,1.3181848108129,0.0548358788728502,0
"BFC613",11,7,1.24646480403606,1.2510885341074,0.0250343856367706,0
"BFC614",11,8,1.23862009565916,1.23678752846383,0.0362232357668448,0
"BFC615",11,8,1.25727118865367,1.2731416276447,0.0343307359622675,0
"BFC616",11,7,1.4139879139003,1.41651376146789,0.0354824913765279,0
"BFC617",11,7,1.18058420840807,1.1727078891258,0.031602954731766,0
"BFC618",11,8,1.21187306914756,1.20847621986159,0.0421038350748302,0
"BFC619",11,8,1.6997943876927,1.70543761296449,0.109427555390262,0
"BFC62",11,6,1.45436009469475,1.47210615640457,0.0543851082067052,0
"BFC622",11,8,1.54717163674263,1.49662426614481,0.192048375415963,0
"BFC623",11,8,1.23017806749983,1.21580432190327,0.0916230250335257,0
"BFC624",11,8,1.47685556602826,1.50794739851344,0.122223088488859,0
"BFC625",11,8,1.22140327946644,1.20976401276313,0.066841880866161,0
"BFC626",11,8,1.16959517334673,1.17470320770623,0.0441967907043111,0
"BFC627",11,8,1.437761724612,1.43362529304506,0.0853033674927648,0
"BFC628",11,8,1.17264989580344,1.16433891992551,0.053714037100092,0
"BFC629",11,6,1.16300691764197,1.16339274013891,0.00912891506453247,0
"BFC630",11,7,1.26403196298101,1.24901185770751,0.0455796916889061,0
"BFC631",11,8,0.907960490414541,0.914283093107174,0.0577405527260749,0.00328947368421053
"BFC632",11,8,1.34829317870248,1.35910166332091,0.0705177734533922,0
"BFC633",11,8,0.63684339787207,0.624984323834738,0.0437029798334782,0.00328947368421053
"BFC634",11,8,1.44377703295438,1.42428868841083,0.0729969185861276,0
"BFC635",11,8,1.41584681649932,1.43480948133044,0.0981094935004089,0
"BFC638",11,7,0.743005026993518,0.741865509761388,0.0391594351882658,0.00328947368421053
"BFC639",11,8,1.3780403248275,1.36517737617135,0.0693207852719201,0
"BFC640",11,8,1.52037533463018,1.49316334072432,0.125372288833698,0
"BFC641",11,8,1.55992718581167,1.52323893653775,0.118800398417524,0
"BFC642",11,8,1.55798668058318,1.54396180102256,0.0909421729990361,0
"BFC643",11,8,1.32084966443151,1.32653890036942,0.0960257004241163,0
"BFC644",11,8,1.00976283549987,1.01225799700003,0.0432115300368449,0.690789473684211
"BFC645",11,8,1.25546189310967,1.26229691876751,0.0836924800262146,0
"BFC646",11,8,1.1780869732128,1.17983193277311,0.0450487031777702,0
"BFC647",11,8,1.30814381175271,1.29516589374675,0.0601284441058324,0
"BFC648",11,8,1.41902895503588,1.40684718331777,0.0908222688915162,0
"BFC649",11,7,1.40651657317984,1.39886578449905,0.0946824251478655,0
"BFC65",11,8,0.838507102742526,0.845748126214491,0.0393520132337985,0.00328947368421053
"BFC650",11,8,1.46028727243699,1.49174895017592,0.123325927255397,0
"BFC651",11,8,1.55892987731051,1.52594135499729,0.128362904977048,0
"BFC654",11,8,1.7727150800758,1.74461741218226,0.143460774573593,0
"BFC655",11,8,1.67227822859893,1.67636138613861,0.129220807140791,0
"BFC656",11,8,1.20503377388063,1.21609137312377,0.078420478612718,0
"BFC657",11,7,1.30294314156533,1.29908256880734,0.0681576115991709,0
"BFC658",11,7,1.31349384399562,1.28942115768463,0.0678580822989101,0
"BFC659",11,8,1.22021028494059,1.23506158025432,0.0723508698277312,0
"BFC66",11,8,1.77870550926499,1.75417510121457,0.171960765265812,0
"BFC660",11,8,1.18403945709998,1.15616459531318,0.109855711388562,0
"BFC661",11,8,1.47619562238804,1.48280871670702,0.0833894995250013,0
"BFC662",11,8,1.50612126176678,1.51027189391935,0.0599278843762482,0
"BFC663",11,8,1.47738193347836,1.48692142415992,0.103234096952321,0
"BFC664",11,8,1.21907491804323,1.22956220030408,0.041409769323535,0
"BFC665",11,7,0.751984325351283,0.752783964365256,0.00371778890999095,0.00328947368421053
"BFC666",11,7,1.51025860900191,1.48275862068966,0.0505446150753175,0
"BFC667",11,7,1.2428533560606,1.23333333333333,0.0390112006407549,0
"BFC67",11,8,1.75120773544254,1.74474180259773,0.199394018370427,0
"BFC670",11,7,1.82111162278247,1.77181208053691,0.184693890458728,0
"BFC671",11,8,0.99492923308145,1.00112674691205,0.0334819656796815,0.717105263157895
"BFC672",11,7,1.61440560734164,1.57403651115619,0.140853900280516,0
"BFC673",11,7,1.48781852649248,1.48502994011976,0.058195938742539,0
"BFC674",11,8,1.3671433309667,1.34647058823529,0.069947410435354,0
"BFC675",11,8,1.1928690694801,1.20582071586031,0.0548249828654506,0
"BFC676",11,7,1.40170469326362,1.39890710382514,0.05055430615679,0
"BFC677",11,8,1.20197236394904,1.21162992548267,0.0647410784239784,0
"BFC678",11,8,1.57739199504186,1.56824842309558,0.0953127379421047,0
"BFC679",11,8,1.50965828562458,1.50386817560988,0.0718623012719057,0
"BFC68",11,8,1.52755287157302,1.53219170103213,0.0724588074472634,0
"BFC680",11,8,1.63429363577064,1.6226849938648,0.0821892553757012,0
"BFC681",11,8,1.69834880615693,1.72854011659982,0.0981838298237497,0
"BFC682",11,8,1.60431515736857,1.60466126230457,0.0561593595948936,0
"BFC683",11,8,1.58611600246524,1.5612153233651,0.119676748246744,0
"BFC686",11,8,1.97611252123821,1.90978350923958,0.37168361951823,0
"BFC687",11,8,1.57336376939672,1.53642010163749,0.205396311795807,0
"BFC688",11,8,0.801091348031091,0.793184523809524,0.0692778222086993,0.00328947368421053
"BFC689",11,8,1.49683741639903,1.47223830015686,0.150824893660725,0
"BFC69",11,8,1.54705812734898,1.53485171171579,0.0817735564975313,0
"BFC690",11,8,1.30278384680856,1.26381628080657,0.110442883743726,0
"BFC691",11,8,1.54679049306352,1.53305907343174,0.101949739268654,0
"BFC692",11,8,0.833419503841942,0.82515814471555,0.0549820231954334,0.00328947368421053
"BFC693",11,8,1.60906420646891,1.61447236087313,0.159238988110951,0
"BFC694",11,8,1.22455434209283,1.20002887220717,0.0862841786101699,0
"BFC695",11,8,1.41261551748747,1.41223456902409,0.112641977633986,0
"BFC696",11,8,1.23065334496635,1.23042517255041,0.0820512479877993,0
"BFC697",11,8,1.57884935472549,1.57316543833036,0.0971108328491233,0
"BFC698",11,8,1.23921978501514,1.21978021978022,0.130722276243321,0
"BFC70",11,8,0.777402348048029,0.777892474484394,0.0305058894657607,0.00328947368421053
"BFC701",11,8,0.880049965113157,0.879021879021879,0.102469129275294,0.00328947368421053
"BFC702",11,8,1.55305347836716,1.56359086512176,0.151774373030538,0
"BFC703",11,7,1.23303817718998,1.23245614035088,0.0596136951617426,0
"BFC704",11,8,1.60298990713619,1.58551052376534,0.210038192407727,0
"BFC705",11,8,1.64600601781284,1.65706345682667,0.200545091650738,0
"BFC706",11,8,1.23051959616559,1.21542899097965,0.081562929867276,0
"BFC707",11,8,1.57764855925574,1.58430244605986,0.0815209057607679,0
"BFC708",11,8,1.42057472969611,1.44789473684211,0.0978661997072827,0
"BFC709",11,8,1.20777075235208,1.22379861128992,0.0715613658421128,0
"BFC71",11,8,1.36409400892996,1.38164470695139,0.105844179415706,0
"BFC710",11,8,1.57061254684955,1.57113119776875,0.0814393863250232,0
"BFC711",11,8,1.38880204723143,1.40029233236566,0.111081248550769,0
"BFC712",11,7,1.20936004894445,1.21758241758242,0.0262263573741785,0
"BFC713",11,8,1.5226158577627,1.57017712334614,0.199028503881662,0
"BFC714",11,7,1.31536083550612,1.30687830687831,0.0638775836517476,0
"BFC717",11,8,1.3327748151704,1.33481901009604,0.178592351557378,0
"BFC718",11,8,1.43261048699744,1.41799974082447,0.18081269346816,0
"BFC719",11,8,1.26624644885133,1.27571745015998,0.141164311644332,0
"BFC72",11,8,1.33572190097377,1.34780780584512,0.115077902039389,0
"BFC720",11,8,1.44226925067641,1.38791711626926,0.244850938632741,0
"BFC721",11,8,1.27068019950281,1.2458715940886,0.106336142015287,0
"BFC722",11,8,1.47413369544735,1.48107764232454,0.134774550159871,0
"BFC723",11,8,1.0077532034235,1.03229017130826,0.0790207513536573,0.763157894736842
"BFC724",11,8,1.53027848873507,1.5649591451917,0.134306581030277,0
"BFC725",11,8,1.70350032528728,1.68883610451306,0.0993702593187151,0
"BFC726",11,8,1.25266872054074,1.25895996162636,0.0349394327716252,0
"BFC727",11,6,1.64085311389213,1.63824711303166,0.0202130224470337,0
"BFC728",11,8,1.39388901716427,1.39313122234513,0.15940255574342,0
"BFC729",11,7,1.63972789573679,1.57216494845361,0.197425832625486,0
"BFC73",11,8,1.69576990969949,1.69646970337987,0.175633704598755,0
"BFC730",11,7,1.85763041676759,1.83453237410072,0.199202218853974,0
"BFC733",11,8,0.916138715346189,0.895950895950896,0.13647050010052,0.00328947368421053
"BFC734",11,8,1.27393532755289,1.26026254615069,0.129021293575018,0
"BFC735",11,8,1.7381469030428,1.62906383708365,0.273692877007846,0
"BFC736",11,8,1.23518343043657,1.18786610878661,0.136566725966387,0
"BFC737",11,8,1.57748605409983,1.56630204006277,0.170825600327662,0
"BFC738",11,8,1.67684198669381,1.66897484358707,0.162711209461443,0
"BFC739",11,8,1.23471142909345,1.25682015804611,0.112440480216564,0
"BFC74",11,7,1.58541651010298,1.58722358722359,0.0716478124168422,0
"BFC740",11,8,1.38267709715294,1.41723081987379,0.118271646694233,0
"BFC741",11,8,1.40191515687807,1.4036336621038,0.114903872457268,0
"BFC742",11,7,1.19732364487067,1.20634920634921,0.0402566628572931,0
"BFC743",11,7,1.20950195674286,1.1962962962963,0.0404359651519687,0
"BFC744",11,6,1.39320154794839,1.39932038305682,0.0407238824898944,0
"BFC745",11,8,1.46775884529205,1.42376092215037,0.191222520031884,0
"BFC746",11,8,1.57414825773147,1.58567178202318,0.146883608106191,0
"BFC75",11,7,1.76012782662296,1.81564245810056,0.128322299119904,0
"BFC76",11,4,1.04734005639826,1.0465993477663,0.109182191199982,0.0723684210526316
"BFC77",11,8,1.4163813018132,1.42577532655343,0.0978625058277789,0
"BFC78",11,8,1.42948257187647,1.45048680044752,0.111104071704823,0
"BFC781",11,7,1.70325042982174,1.63248308172827,0.168198080039109,0
"BFC782",11,8,1.46535833371536,1.43058574827545,0.188823654995564,0
"BFC783",11,8,1.79445606801224,1.7205751541988,0.190914258290443,0
"BFC784",11,8,1.78296098821797,1.80653836587489,0.179021728400443,0
"BFC785",11,8,1.75131300003742,1.73979313692543,0.194786545301164,0
"BFC786",11,8,1.86605649179707,1.8298689716677,0.252045334604231,0
"BFC787",11,8,1.29839587822998,1.27292170401575,0.104217758952845,0
"BFC788",11,8,0.818308819963607,0.799119241192412,0.0635564412835097,0.00328947368421053
"BFC789",11,8,1.78579646620711,1.74365832942459,0.256306757420619,0
"BFC790",11,7,1.45679569487031,1.45844504021448,0.129733136435675,0
"BFC791",11,8,1.29331673321952,1.27008536818426,0.130614729471688,0
"BFC792",11,6,1.45769629033562,1.44756705624095,0.0920681498001204,0
"BFC795",11,8,1.85015165100659,1.8603242693894,0.15881737343281,0
"BFC796",11,8,0.859821155087105,0.877738841327275,0.0804791787366604,0.00328947368421053
"BFC797",11,8,1.71714575626416,1.68193079100344,0.150811534702884,0
"BFC798",11,8,1.45131082386439,1.48781374183303,0.107456217053353,0
"BFC799",11,8,0.633357581829646,0.645010647439011,0.066743146155051,0.00328947368421053
"BFC800",11,8,1.6388142977869,1.60579207016262,0.093853545933363,0
"BFC801",11,8,1.21043064064103,1.19596383597029,0.0595292751423674,0
"BFC802",11,8,1.68272963033578,1.6262671276732,0.142636618468319,0
"BFC803",11,8,1.75748713979406,1.77301121876594,0.133944622231045,0
"BFC804",11,8,1.41655935962376,1.39187230563401,0.15126237440537,0
"BFC805",11,8,1.74849824959526,1.72502033776968,0.191804166516994,0
"BFC806",11,5,1.2564973634148,1.25760430686406,0.0108942039474437,0
"BFC807",11,4,1.56536858004931,1.57633813215209,0.132079105433519,0
"BFC808",11,7,0.929573542600579,0.937931034482759,0.0879321846278635,0.00657894736842105
"BFC81",11,8,1.76105622477908,1.73786013468871,0.180532567885562,0
"BFC811",11,8,1.84387418579985,1.76056235431235,0.21080650995347,0
"BFC812",11,8,1.64214207291917,1.6107257702499,0.158673699044291,0
"BFC813",11,8,1.46092879814573,1.44108846226296,0.133959304879886,0
"BFC814",11,8,1.49914287493367,1.4545482750062,0.172630241751011,0
"BFC815",11,8,1.65391850243536,1.63976799650019,0.123467314561384,0
"BFC816",11,8,1.43417897100706,1.43100549439882,0.132715953022503,0
"BFC817",11,8,1.68619288247205,1.68668305661846,0.101333979305839,0
"BFC818",11,8,1.63715086010779,1.58586128009684,0.146761492688129,0
"BFC819",11,8,1.40064971343341,1.38722133214732,0.110006750545518,0
"BFC82",11,8,1.58576660884911,1.55106137096284,0.163130091998486,0
"BFC820",11,8,1.40150199444772,1.40728959575878,0.226395707980869,0
"BFC821",11,7,1.26828576465994,1.27472527472527,0.0726722160498004,0
"BFC822",11,7,1.56249459564871,1.50990615224192,0.138496135957636,0
"BFC823",11,8,1.24007179944515,1.22282837778418,0.0962464353422917,0
"BFC824",11,8,1.6677005722605,1.70865082922456,0.202971140773385,0
"BFC827",11,8,1.82840962053744,1.86232337523353,0.205384312716818,0
"BFC828",11,8,1.26905553336402,1.24930205056933,0.1010345086397,0
"BFC829",11,8,0.988215058076583,0.993467386954782,0.0560231189241082,0.453947368421053
"BFC83",11,7,0.893794404211888,0.87816091954023,0.0436779198397937,0.00328947368421053
"BFC830",11,8,1.58048780194507,1.54920050548214,0.0954133041708473,0
"BFC831",11,8,1.39301684120597,1.38760737538983,0.125539320283032,0
"BFC832",11,8,1.5285175589317,1.51467907346449,0.0991896829671373,0
"BFC833",11,8,1.35890824771194,1.38612612909606,0.0989718726195253,0
"BFC834",11,8,1.50710553235483,1.51299434016335,0.113234969390119,0
"BFC835",11,8,1.6445369294024,1.64457026323557,0.171909160915493,0
"BFC836",11,8,1.23072509944944,1.24295842406441,0.130610927975842,0
"BFC837",11,7,0.711488986884725,0.698492462311558,0.0413487451172,0.00328947368421053
"BFC838",11,8,1.64511714109222,1.64631477364766,0.130034021474417,0
"BFC839",11,8,1.74215385538934,1.70458997558524,0.178613645451016,0
"BFC84",11,8,1.24000242120636,1.22619887084814,0.057552529783368,0
"BFC840",11,8,0.840958329851256,0.843305424656137,0.056365916984765,0.00328947368421053
"BFC843",11,8,1.43381135114728,1.45089675001768,0.105901298630754,0
"BFC844",11,8,1.77108396962269,1.77593628965883,0.169354018248599,0
"BFC845",11,4,1.00037213343632,0.998756094445705,0.0896399946465414,0.960526315789474
"BFC846",11,8,1.63761251195454,1.62355792490045,0.0993311072978554,0
"BFC847",11,8,1.25843211355841,1.25912486014092,0.077961212149442,0
"BFC848",11,8,1.32888452933945,1.30772332506203,0.100911487065941,0
"BFC849",11,8,1.24429250450925,1.23636093236093,0.141492398945581,0
"BFC85",11,8,1.66511456334653,1.6528504725226,0.124731347582584,0
"BFC850",11,7,0.65337962426105,0.655963302752294,0.0285497913729056,0.00328947368421053
"BFC851",11,8,1.2343739622693,1.25779370843749,0.0979018143441881,0
"BFC852",11,8,1.71750504455718,1.68317098084158,0.138175049620361,0
"BFC853",11,8,1.6709999271627,1.67049586735636,0.0983167609708299,0
"BFC854",11,8,1.32853667852443,1.35511982570806,0.10126943386176,0
"BFC855",11,8,1.54679583651058,1.49033754718977,0.186692680637366,0
"BFC856",11,8,1.27376498463763,1.27990659713015,0.0630775664880944,0
"BFC859",11,6,1.19312025411178,1.20765684156737,0.048377204328027,0
"BFC86",11,8,1.58499852081114,1.59917707862913,0.0834768524660741,0
"BFC860",11,8,1.25491694123546,1.25878895579211,0.0559215047763345,0
"BFC861",11,7,1.48883075172978,1.48324324324324,0.0484296633743536,0
"BFC862",11,8,1.22645205718896,1.22712769546651,0.0606523402945182,0
"BFC863",11,8,1.3420440883557,1.32656696613181,0.131690838455557,0
"BFC864",11,8,1.20069806056499,1.17844926353618,0.0715435912667607,0
"BFC865",11,8,1.17958609904707,1.18142091768016,0.0844150671475687,0
"BFC866",11,8,1.29787248372837,1.28420775445286,0.120998526480643,0
"BFC867",11,8,0.739969770601112,0.738713667285096,0.0508254289037011,0.00328947368421053
"BFC868",11,8,1.22534932504902,1.21554139713602,0.0952243146983165,0
"BFC869",11,8,1.45933531631357,1.4439967053819,0.105686984013331,0
"BFC87",11,8,1.58332559653109,1.59875783627384,0.123888674130645,0
"BFC870",11,8,1.64570985720415,1.63992522507429,0.128379611190807,0
"BFC871",11,8,1.71511195952178,1.67319047838723,0.177363277844883,0
"BFC872",11,8,1.64317876258994,1.64787761258349,0.164264259811231,0
"BFC875",11,8,1.61655476452309,1.57309180552955,0.142116245740619,0
"BFC876",11,6,1.53778047759606,1.54194374378965,0.0218918854209929,0
"BFC877",11,8,1.3566235977013,1.33987146873745,0.163715556446101,0
"BFC878",11,8,1.56331425390071,1.55114705994011,0.0928213470464971,0
"BFC879",11,8,1.48762776587645,1.47514652437872,0.0696628324422823,0
"BFC88",11,8,1.2522615749621,1.24637726469807,0.143055903647701,0
"BFC880",11,8,1.43518404405031,1.4461397471164,0.0554118475475185,0
"BFC881",11,8,1.20823786103343,1.17156108309564,0.141613822603191,0
"BFC882",11,8,1.14829649418378,1.13356511952732,0.0718178001970977,0
"BFC883",11,8,1.32322590129392,1.33584905660377,0.107809075564438,0
"BFC884",11,8,0.66174140004956,0.65296743697479,0.0599412626483069,0.00328947368421053
"BFC885",11,8,1.55158939950761,1.55887942464325,0.046482658652454,0
"BFC886",11,8,1.58906073226428,1.60625357704317,0.0904403478909467,0
"BFC887",11,7,1.18001496591468,1.17906336088154,0.0248420645366424,0
"BFC888",11,8,0.793083258959445,0.802771274913002,0.0543759019181311,0.00328947368421053
"BFC89",11,8,1.57649093837723,1.60341537097839,0.135842152964113,0
"BFC891",11,5,1.67363443393543,1.68350168350168,0.0279458658198662,0
"BFC892",11,8,1.23645939126448,1.22533193976696,0.0608059721296679,0
"BFC893",11,8,1.34996462887145,1.30814905373174,0.105567501597387,0
"BFC894",11,8,1.17688470002333,1.16906212019828,0.0385572162581297,0
"BFC895",11,8,1.37144431434762,1.36259238506897,0.0659322648307921,0
"BFC896",11,8,1.1650087348264,1.1603127316658,0.071552637769448,0
"BFC897",11,8,1.46250240775374,1.44181698808186,0.0825292710560427,0
"BFC898",11,8,0.989093833140026,0.98804838037876,0.0508781805805844,0.473684210526316
"BFC899",11,8,1.50116034241533,1.49502186071983,0.068912990569037,0
"BFC90",11,7,0.809676894896094,0.811224489795918,0.0441521550401402,0.00328947368421053
"BFC900",11,8,1.01171153700069,1.00619834710744,0.0378657693408479,0.618421052631579
"BFC901",11,8,1.38579231261141,1.38010759776299,0.0593851776511519,0
"BFC902",11,8,1.43594471159087,1.41921405904643,0.103864154428301,0
"BFC903",11,7,1.33578082282625,1.33783783783784,0.0470932905670855,0
"BFC904",11,8,1.54060168202656,1.53400448508875,0.168286419664083,0
"BFC907",11,7,1.39381995246578,1.34720416124837,0.0978697019832674,0
"BFC908",11,8,1.62511643288821,1.62290583076053,0.124984395547039,0
"BFC909",11,8,1.20448049818106,1.2017021760558,0.0521937479366085,0
"BFC91",11,6,1.43643281415575,1.44372697633061,0.0369649699128078,0
"BFC910",11,8,1.49967351058347,1.50132873234967,0.0412536010312571,0
"BFC911",11,8,1.26545798879582,1.23754559513073,0.0814877038428965,0
"BFC912",11,8,1.14028364896716,1.14810101162236,0.0484059716213132,0
"BFC913",11,7,1.01608083480858,1.02564102564103,0.038524053249031,0.519736842105263
"BFC914",11,8,1.01573032405841,1.00387262986638,0.0477933712763272,0.526315789473684
"BFC915",11,8,1.16150172620351,1.15859430776236,0.0545144952190646,0
"BFC916",11,8,1.43500982918077,1.43389168970564,0.0610465631376351,0
"BFC917",11,7,1.1696159638519,1.17857142857143,0.0440984082925243,0
"BFC918",11,8,0.865947250759067,0.854551052864437,0.0378635092961834,0.00328947368421053
"BFC919",11,8,1.02662021524523,1.02300110565855,0.0583970278848057,0.269736842105263
"BFC92",11,4,1.56229073805488,1.58025937831138,0.0846361016044368,0
"BFC922",11,6,1.20804670429167,1.19232186732187,0.0343824176504522,0
"BFC923",11,8,1.50390507362583,1.48706280446895,0.0685628770210753,0
"BFC924",11,8,1.51408538504488,1.53951431337615,0.0774053200392795,0
"BFC925",11,8,1.46685866123949,1.46225481988602,0.0456731591710225,0
"BFC926",11,7,1.40394084224385,1.4066265060241,0.0468362819862481,0
"BFC927",11,7,1.38300971102763,1.39191073919107,0.070667424682337,0
"BFC928",11,8,1.12076811942972,1.12500758681803,0.0790862292194125,0
"BFC929",11,8,1.153491410005,1.16773422655776,0.0516912993283681,0
"BFC93",11,8,1.72737727889166,1.70985387076942,0.15676211037883,0
"BFC930",11,8,1.13856729422554,1.13779329481179,0.0665170838156517,0
"BFC931",11,8,1.43284557754223,1.4228844602735,0.044972152663873,0
"BFC932",11,8,1.53900443392484,1.5451916158152,0.0488563308713722,0
"BFC933",11,8,1.22086667486305,1.22081563015049,0.0396980745976697,0
"BFC934",11,7,1.19479506142343,1.18172588832487,0.0392816365093795,0
"BFC937",11,5,1.31968070773312,1.31263858093126,0.0178003447225381,0
"BFC938",11,8,1.18960687980938,1.19030996787165,0.0606805118068355,0
"BFC939",11,8,1.16880795549347,1.17894891908813,0.0417308910452405,0
"BFC94",11,8,1.4396491089181,1.40707650558397,0.132212652918013,0
"BFC940",11,8,1.45372854476123,1.4476032535734,0.0630096042558102,0
"BFC941",11,8,1.16018415041691,1.15878623188406,0.0318070208477047,0
"BFC942",11,8,1.29881576740869,1.29698863054389,0.0274301719078504,0
"BFC943",11,8,1.34577117208049,1.334927556948,0.103253662301732,0
"BFC944",11,8,1.36376625346905,1.36696313395343,0.0671545908897532,0
"BFC945",11,8,1.31409026299563,1.311624476165,0.0839056470665816,0
"BFC946",11,8,1.40475600897228,1.41231463571889,0.0733215864348995,0
"BFC947",11,8,1.18581652880833,1.17868156257669,0.0501188970089757,0
"BFC948",11,8,1.4956628164346,1.49699135225451,0.065611664051717,0
"BFC949",11,7,1.61291266554999,1.61672473867596,0.0783196040870656,0
"BFC952",11,8,1.42521515095789,1.39457180625378,0.112815953104977,0
"BFC953",11,8,1.49080296136252,1.45337591540508,0.0864069618851117,0
"BFC954",11,8,1.3565767720686,1.3419760348142,0.0912270724617676,0
"BFC955",11,8,1.02418620245559,1.02034841165276,0.0456688945210978,0.322368421052632
"BFC956",11,8,1.26091749608175,1.27125809506285,0.0365930319249988,0
"BFC957",11,8,1.33880888152911,1.32289492698345,0.0420958133837917,0
"BFC958",11,8,1.13129701731335,1.13055252068051,0.0163585059399539,0
"BFC959",11,8,1.21928579144929,1.20997829636761,0.0663503048804398,0
"BFC960",11,8,1.14109110833895,1.16771410571249,0.0664233482471159,0
"BFC961",11,8,1.35242031465506,1.33297423603314,0.0579555896663236,0
"BFC962",11,8,1.18572704825697,1.18118280071728,0.0547699495192187,0
"BFC963",11,8,1.3982495820678,1.40649915777653,0.0559952804646992,0
"BFC964",11,8,1.31292424951526,1.30762550881954,0.0671333114518075,0
"BFC965",11,8,1.48200164753238,1.47397495648768,0.100753279168642,0
"BFC968",11,7,1.56537470589854,1.51724137931034,0.118160529211504,0
"BFC969",11,8,1.57419873076817,1.54384408140828,0.085390728491138,0
"BFC97",11,8,1.80669632474382,1.80283454371446,0.162951117693265,0
"BFC970",11,6,1.41293212625092,1.41300204769352,0.0226802288305731,0
"BFC971",11,8,1.41804484856706,1.43908045977012,0.109883903600631,0
"BFC972",11,8,1.28970041190204,1.28794059070068,0.0454419947715477,0
"BFC973",11,8,1.36620795543825,1.36867179255239,0.0659413929999636,0
"BFC974",11,8,1.34273976365943,1.34420316700107,0.0573760028879849,0
"BFC975",11,8,1.37002659444297,1.37264528871416,0.052558457251796,0
"BFC976",11,8,1.2862800493128,1.27350024759351,0.0969241068617648,0
"BFC977",11,8,1.30687115960526,1.32302274394718,0.111370756078364,0
"BFC978",11,7,1.26207614037389,1.24536082474227,0.037546879543702,0
"BFC979",11,8,1.44826134106038,1.43252272039772,0.0589448597110612,0
"BFC98",11,7,1.48860178934906,1.47242206235012,0.0647343751565574,0
"BFC980",11,8,0.782448260367451,0.776122840279786,0.0569840409207386,0.00328947368421053
"BFC981",11,8,1.22735893134064,1.20873740702382,0.0668861457433726,0
"BFC984",11,7,1.60052390251242,1.58113730929265,0.0974569234831696,0
"BFC985",11,8,1.59758534060797,1.59304310050579,0.0950184822549881,0
"BFC986",11,8,1.53245862454203,1.51734763390136,0.0835049270054924,0
"BFC987",11,8,1.18756687607107,1.20694921190893,0.0843229907047154,0
"BFC988",11,8,1.35164679264873,1.35127266746166,0.0763012968218548,0
"BFC989",11,8,1.39843974870977,1.40632944683089,0.0742849608644977,0
"BFC99",11,7,1.51120071010558,1.45327102803738,0.11085300795173,0
"BFC990",11,8,1.2277915836007,1.23055608255864,0.0654296390873782,0
"BFC991",11,8,0.835317319303149,0.848692239809234,0.0358080863509844,0.00328947368421053
"BFC992",11,6,1.39802961408345,1.39475751559841,0.0109401225934441,0
"BFC993",11,6,1.31804752572729,1.3157932824877,0.0289632315998282,0
"BFC994",11,6,1.46066239441484,1.46452810171514,0.0240410127122275,0
"BFC995",11,8,1.00031826262634,0.984377205778552,0.0561852682079774,0.960526315789474
"BFC996",11,7,1.58815762261004,1.58568738229755,0.0497185185022917,0
"BFC997",11,7,1.05219644135968,1.04051172707889,0.0341590951271364,0.0394736842105263
